"","index.drop","temp.equib.mean","EQUIB.WIDTH","index.min","temp.low.mean","temp.delta"
"1",87,19.7600797560976,40,136,19.3785746341463,-0.381505121951218
"2",111,20.0637056097561,40,176,19.6974553658537,-0.366250243902439
"3",128,20.200556097561,40,184,19.8287690243902,-0.371787073170733
