"","index.drop","temp.equib.mean","EQUIB.WIDTH","index.min","temp.low.mean","temp.delta"
"1",87,19.7600797560976,40,122,19.3760426829268,-0.384037073170731
"2",111,20.0637056097561,40,143,19.6914043902439,-0.372301219512195
"3",128,20.200556097561,40,138,19.8191214634146,-0.381434634146341
