"","index.drop","temp.equib.mean","EQUIB.WIDTH","index.detected","temp.low.mean","temp.delta"
"1",87,19.7600797560976,40,146,19.3801768292683,-0.379902926829267
"2",111,20.0637056097561,40,186,19.6989836585366,-0.364721951219511
"3",128,20.200556097561,40,194,19.8305058536585,-0.37005024390244
