"","n.slope","index.slopestart","index.slopestop","time.delta","temp.delta","time.slope.min","temp.slope.min","time.slope.max","temp.slope.max","reg.a","reg.b","reg.sa","reg.sb"
"1",211,75,285,105,2.92295,109.5,19.57769,214.5,22.50064,16.5447743270015,0.027809588584714,0.00162646436028608,9.86705943375574e-06
"2",211,76,286,105,2.90777,130,19.90206,235,22.80983,16.3204916009632,0.0276416947918396,0.00186393802892121,1.00740530076013e-05
"3",212,75,286,105.5,2.91748,133.5,20.02929,239,22.94677,16.3693153783471,0.027547242998364,0.00221655808933613,1.17435498345655e-05
