"","n.slope","index.slopestart","index.slopestop","time.delta","temp.delta","time.slope.min","temp.slope.min","time.slope.max","temp.slope.max","reg.a","reg.b","reg.sa","reg.sb"
"1",211,99,309,105,2.92295,109.5,19.57769,214.5,22.50064,16.5447743270015,0.027809588584714,0.00162646436028607,9.86705943375562e-06
"2",211,119,329,105,2.90777,130,19.90206,235,22.80983,16.3204916009632,0.0276416947918396,0.00186393802892121,1.00740530076013e-05
"3",213,130,342,106,2.92821,133,20.01856,239,22.94677,16.3685352095705,0.0275510704821416,0.0022323651997395,1.18413005367686e-05
