"","mass_percent_aim","m1","m2","m3","eth.m","water.m","total.m","share.m","eth.V","water.V","total.V","share.V","eth.m.perV","water.m.perV","total.m.perV","C","c.sp"
"1",20,51.67,71.28,149.27,19.61,77.99,97.6,0.200922131147541,24.8447991891549,78.1306351432579,102.975434332413,0.241269185706505,0.0190433768278145,0.0757365098827767,0.0947798867105911,443.726193671658,4681.64933586141
"2",25,52.07,76.98,149.19,24.91,72.21,97.12,0.256486820428336,31.5596097808185,72.3402123822881,103.899822163107,0.303750373424844,0.0239750169744229,0.0694996377247321,0.093474654699155,429.373934797915,4593.47976389793
"3",30,52.2,89.04,174.8,36.84,85.76,122.6,0.300489396411093,46.6742683390346,85.9146463634542,132.588914702489,0.352022402806186,0.0277851282534923,0.0646811237518865,0.0924662520053788,426.740813050813,4615.09798219127
