"","mass_percent_aim","m1","m2","m3","eth.m","water.m","total.m","share.m","eth.V","water.V","total.V","share.V","eth.m.perV","water.m.perV","total.m.perV","C","c.sp"
"1",80,54.3871,126.87,144.893,72.4829,18.023,90.5059,0.800863811088559,91.8318763461295,18.0554998998197,109.887376245949,0.835690863530967,0.0659610798584992,0.0164013380023389,0.0823624178608381,240.523117284576,2920.30180186029
"2",90,96.6631,186.67,197.95,90.0069,11.28,101.2869,0.888633179611579,114.033827442037,11.3003406131036,125.334168055141,0.90983830835234,0.0718135376782502,0.00899994006026941,0.0808134777385196,209.279865283381,2589.66537686359
"3",95,96.98,195.7,202.3,98.72,6.60000000000002,105.32,0.937333839726547,125.072849360193,6.61190142256063,131.684750782753,0.949789923409821,0.0749669186547372,0.00501196984523164,0.0799788884999688,194.485752003479,2431.71361406898
