"","d_vH","c_d_vH","ntk","d_vS"
"1",32489.55252436,258.782269887164,329.444796799924,98.6191096048523
