"","d_vH","c_d_vH","ntk","d_vS","d_vS_s"
"1",32489.55252436,258.782269887164,329.444796799924,98.6191096048524,0.414663922865765
