"","d_vH","c_d_vH","ntk","d_vS"
"1",32665.8121468467,245.129829036656,341.207908713224,95.735800116818
