"","d_vH","c_d_vH","ntk","d_vS","d_vS_s"
"1",32665.8121468467,245.129829036656,341.207908713224,95.7358001168179,0.379756555970991
